Key	[en] Platform - prod	[ru] Russian 	[ko] Korean 	[zh-cn] Simplified Chinese 	[zh-tw] Traditional Chinese	[fr] French 	[de] German	[es] Spanish 	[pt] Portuguese 	[it] Italian 	[pl] Polish 	[cs] Czech	[tr] Turkish 	[ja] Japanese 	[th] Thai 	[vi] Vietnamese 	[hu] Hungarian
common.close	Close	Закрыть	닫기	关闭	關閉	Fermer	Schließen	Cerrar	Fechar	Chiudi	Zamknij	Zavřít	Kapat	閉じる	ปิด	Đóng	Bezárás
common.back	Back	Назад	뒤로	后退	上一步	Retour	Zurück	Atrás	Voltar	Indietro	Powrót	Zpět	Geri	戻る	กลับ	Quay lại	Vissza
common.next	Next	Далее	다음	前进	下一步	Suivant	Weiter	Siguiente	Seguinte	Avanti	Dalej	Další	Sonraki	次へ	ถัดไป	Tiếp	Következő
common.somethingWentWrong	Something went wrong	Что-то пошло не так	문제가 발생했습니다	出问题了	出錯了	Une erreur s'est produite	Etwas ist schiefgelaufen	Algo ha salido mal	Ocorreu um erro	Qualcosa è andato storto	Coś poszło nie tak	Něco se nezdařilo	Bir sorun oluştu	問題が発生しました	มีบางอย่างผิดพลาด	Đã xảy ra lỗi	Valami félresikerült
common.oops	Oops...	Ой...	이런...	糟糕……	哎呀……	Oh, non...	Hoppla ...	Ups...	Opa...	Ops...	Ups...	Jejda...	Tüh...	すみません…	โอ๊ะ...	Rất tiếc...	Hoppá...
common.500	Please try again later or contact tech support	Повторите попытку позже или свяжитесь с техподдержкой	나중에 다시 시도하거나 기술 지원팀에 문의하세요	请稍后再试或联系技术支持	請稍後再試或聯繫技術支援	Réessayez plus tard ou contactez notre assistance technique	Bitte versuche es später noch einmal oder wende dich an den technischen Support	Inténtalo de nuevo o ponte en contacto con nuestro equipo de asistencia técnica	Tente de novo mais tarde ou contate o suporte técnico	Riprova più tardi o contatta l'assistenza tecnica	Spróbuj ponownie później lub skontaktuj się z pomocą techniczną	Zkus to později znovu, nebo kontaktuj technickou podporu	Lütfen daha sonra tekrar dene veya teknik destekle iletişime geç	後ほどふたたびお試しいただくか、テクニカルサポートにご連絡ください	กรุณาลองอีกครั้งในภายหลัง หรือติดต่อฝ่ายสนับสนุน	Vui lòng thử lại sau hoặc liên hệ với bộ phận hỗ trợ kỹ thuật	Kérjük, próbáld újra, vagy vedd fel a kapcsolatot a műszaki ügyfélszolgálatunkkal

privacyPolicyConfirmation.title	Privacy Policy confirmation	Соглашение о конфиденциальности	개인정보 처리방침 확인	隐私政策确认	隱私政策確認	Confirmation de la politique de confidentialité	Bestätigung der Datenschutzrichtlinie	Confirmación de la política de privacidad	Confirmação da Política de Privacidade	Accetta l'Informativa sulla privacy	Potwierdzenie przeczytania polityki prywatności	Potvrzení Zásad ochrany soukromí	Gizlilik Politikası onayı	プライバシーポリシーの承諾	ยืนยันนโยบายความเป็นส่วนตัว	Xác nhận Chính sách quyền riêng tư	Adatvédelmi szabályzat elfogadása
privacyPolicyConfirmation.desc	By checking these boxes, you confirm that you have read and understood the Terms of Service and the LTG Privacy Policy in their entirety	Устанавливая эти флажки, вы подтверждаете, что ознакомились с Условиями обслуживания и Политикой конфиденциальности LTG и согласны с ними.	이 상자에 체크 표시를 하면 이용약관 및 LTG 개인정보 처리방침의 전문을 읽었으며 이해했음에 동의하게 됩니다.	勾选这些方框，即表示你确认已阅读并理解服务条款和LTG隐私政策的全部内容	透過勾選這些複選框，即表示你確認已閱讀並理解服務條款和LTG隱私政策的全部內容。	En cochant ces cases, vous confirmez avoir lu et compris les conditions d'utilisation et la politique de confidentialité de LTG dans leur intégralité.	Indem du diese Kästchen anklickst, bestätigst du, dass du die Nutzungsbedingungen und die LTG-Datenschutzrichtlinie vollständig gelesen und verstanden hast	Al marcar estas casillas, confirmas que has leído y entiendes las condiciones del servicio y la política de privacidad de LTG en su totalidad.	Marque estas caixas para confirmar que leu e compreendeu completamente os Termos de Serviço e a Política de Privacidade LTG	Selezionando queste caselle, confermi di aver letto e compreso i Termini di servizio e l'Informativa sulla privacy di LTG nella loro interezza.	Poprzez zaznaczenie tych pól potwierdzasz zapoznanie się z całą treścią warunków świadczenia usług i polityki prywatności LTG	Zaškrtnutím těchto políček potvrzuješ, že Podmínkám poskytování služby a Zásadám LTG ohledně ochrany soukromí plně rozumíš	Bu kutuları işaretleyerek Hizmet Şartları ve LTG Gizlilik Politikasını bütünüyle okuyup anladığını onaylamış olursun	これらの箱にチェックを入れることで、あなたは利用規約およびLTGプライバシーポリシーをすべて読み、理解したことを承諾します	เมื่อติ๊กกล่องข้อความเหล่านี้ คุณได้ยืนยันว่าอ่านและทำความเข้าใจข้อตกลงการให้บริการและนโยบายความเป็นส่วนตัวของ LTG ทั้งหมดแล้ว	Bằng việc đánh dấu vào các ô này, bạn xác nhận rằng bạn đã đọc và hoàn toàn hiểu Điều khoản dịch vụ và Chính sách quyền riêng tư của LTG	Ezeknek a négyzeteknek a bejelölésével megerősíted, hogy teljes egészében elolvastad és megértetted a Szolgáltatási feltételeket és az LTG Adatvédelmi szabályzatát.
privacyPolicyConfirmation.privacyAndCookiesPolicy	Privacy and cookies policy	Конфиденциальность и правила использования файлов cookie	개인정보 처리방침 및 쿠키 정책	隐私和Cookie政策	隱私和Cookie政策	Politique de confidentialité et de cookies	Datenschutz- und Cookie-Richtlinie	Política de cookies y de privacidad	Política de Privacidade e cookies	Informativa sulla privacy e sui cookie	Polityka prywatności i dotycząca plików cookie	Zásady ochrany soukromí a používání souborů cookie	Gizlilik ve çerez politikası	プライバシーとクッキーポリシー	นโยบายความเป็นส่วนตัวและคุกกี้	Chính sách quyền riêng tư và cookie	Adatvédelmi és sütiszabályzat
privacyPolicyConfirmation.termsOfService	Terms of Service	Условия обслуживания	이용약관	服务条款	服務條款	Conditions d'utilisation	Nutzungsbedingungen	Condiciones del servicio	Termos de Serviço	Termini di servizio	Warunki świadczenia usług	Podmínky poskytování služby	Hizmet Şartları	利用規約	ข้อตกลงการให้บริการ	Điều khoản dịch vụ	Szolgáltatási feltételek
privacyPolicyConfirmation.submit	OK	ОК	확인	确定	確定	D'accord	OK	OK	Ok	OK	OK	OK	Tamam	OK	ตกลง	OK	OK

cookies.message	We use cookies on this site to enhance your user experience. For a complete overview of of all cookies used, please see your personal settings.	Мы используем файлы cookie, чтобы улучшить ваш пользовательский опыт. Полный перечень всех используемых файлов cookie можно найти в личных настройках.	저희는 이 사이트에서 귀하의 사용자 경험을 향상하기 위해 쿠키를 사용합니다. 사용하는 모든 쿠키의 개요를 확인하려면 개인 설정을 검토하세요.	我们在本网站上使用cookies，用于增强用户体验。请在个人设置查看所有有关使用的cookies的完整概述。	我們在本網站上使用Cookie來提升你的使用者體驗。有關使用的所有Cookie的完整概述，請參閱你的個人設定。	Nous utilisons des cookies sur ce site afin d'améliorer votre expérience. Consultez vos paramètres personnels pour voir les cookies que nous utilisons.	Wir verwenden Cookies auf dieser Website, um dein Benutzererlebnis zu verbessern. Eine vollständige Übersicht aller verwendeten Cookies findest du in deinen persönlichen Einstellungen.	Usamos cookies en este sitio para mejorar tu experiencia de usuario. Para ver todas las cookies que usamos, consulta tus ajustes personales.	Usamos cookies neste site para aprimorar sua experiência de usuário. Para uma visão geral de todos os cookies usados, verifique suas configurações pessoais.	In questo sito utilizziamo i cookie per migliorare la tua esperienza d'uso. Per una panoramica completa di tutti i cookie utilizzati, consulta le impostazioni personali.	Używamy plików cookie na stronie, by poprawiać wrażenia użytkownika. Pełny przegląd wykorzystywanych plików cookie znajduje się w ustawieniach osobistych.	Soubory cookie na tomto webu využíváme k prohloubení tvého uživatelského zážitku. Kompletní přehled všech použitých souborů cookie najdeš ve svém přizpůsobeném nastavení.	Kullanıcı deneyimini geliştirmek için bu sitede çerez kullanıyoruz. Kullanılan tüm çerezlerin eksiksiz görünümü için lütfen kişisel ayarlarına bak.	このサイトではクッキーを利用し、閲覧者様のユーザー体験を向上させております。すべてのクッキーの使用に関する詳細情報につきましては、個人設定をご覧ください。	เราใช้คุกกี้บนเว็บไซต์นี้เพื่อปรับปรุงประสบการณ์ใช้งานของคุณ สำหรับรายละเอียดการใช้งานคุกกี้ทั้งหมด กรุณาดูได้ที่การตั้งค่าส่วนตัวของคุณ	Chúng tôi sử dụng cookie trên trang web này để cải thiện trải nghiệm người dùng cho bạn. Để xem tổng quan về tất cả cookie chúng tôi sử dụng, vui lòng xem phần cài đặt cá nhân của bạn.	Az oldalon a felhasználói élmény javítása érdekében sütiket (cookie) használunk. Az összes itt használt süti áttekintéséhez kérjük, tekintsd meg a személyes beállításaidat.
cookies.customize	Customize	Настроить	사용자 지정	自定义	自訂	Personnaliser	Anpassen	Personalizar	Personalizar	Personalizza	Dostosuj	Přizpůsobit	Özelleştir	カスタマイズ	ปรับแต่ง	Tùy chỉnh	Testreszabás
cookies.accept	Accept	Принять	수락	接受	接受	Accepter	Akzeptieren	Aceptar	Aceitar	Accetta	Zaakceptuj	Přijmout	Kabul Et	許可	ยอมรับ	Chấp nhận	Elfogadás
cookies.decline	Decline	Отклонить	거절	拒绝	拒絕	Refuser	Ablehnen	Rechazar	Recusar	Rifiuta	Odrzuć	Odmítnout	Reddet	拒否	ปฏิเสธ	Từ chối	Elutasítás

menu.home	Home	Главная	홈	主页	首頁	Accueil	Startseite	Inicio	Página inicial	Home	Strona główna	Domů	Ana Sayfa	ホーム	หน้าหลัก	Trang chủ	Kezdőlap
menu.games	Games	Игры	게임	游戏	遊戲	Jeux	Spiele	Juegos	Jogos	Giochi	Gry	Hry	Oyunlar	ゲーム	เกม	Game	Játékok
menu.news	News	Новости	뉴스	动态	新聞	Actus	Nachrichten	Novedades	Notícias	Notizie	Wiadomości	Zprávy	Haberler	ニュース	ข่าวสาร	Tin tức	Hírek
menu.forum	Forum	Форум	포럼	论坛	論壇	Forum	Forum	Foro	Fórum	Forum	Forum	Fórum	Forum	フォーラム	ฟอรัม	Diễn đàn	Fórum
menu.support	Support	Поддержка	지원	支持	支援	Assistance	Support	Asistencia	Suporte	Supporto	Wsparcie	Podpora	Destek	サポート	สนับสนุน	Hỗ trợ	Ügyfélszolgálat
menu.login	Log in	Войти	로그인	登录	登錄	Connexion	Anmelden	Iniciar sesión	Login	Accedi	Zaloguj się	Přihlásit se	Giriş Yap	ログイン	ล็อกอิน	Đăng nhập	Bejelentkezés
menu.download	Download Now	Скачать сейчас	지금 다운로드	立即下载	立即下載	Télécharger	Jetzt herunterladen	Descargar ahora	Baixar agora	Scarica ora	Pobierz teraz	Stáhnout hned	Hemen İndir	今すぐダウンロード	ดาวน์โหลดเลย	Tải về ngay	Letöltés most
menu.profile	Profile	Профиль	프로필	个人资料	簡介	Profil	Profil	Perfil	Perfil	Profilo	Profil	Profil	Profil	プロフィール	โปรไฟล์	Hồ sơ	Profil
menu.logout	Logout	Выйти	로그아웃	登出	登出	Déconnexion	Abmelden	Cerrar sesión	Logout	Disconnetti	Wyloguj się	Odhlásit se	Çıkış Yap	ログアウト	ล็อกเอาต์	Đăng xuất	Kijelentkezés

footer.allRightsReserved	All rights reserved	Все права защищены	모든 권리 보유	版权所有	版權所有	Tous droits réservés	Alle Rechte vorbehalten	Todos los derechos reservados	Todos os direitos reservados	Tutti i diritti riservati	Wszystkie prawa zastrzeżone	Všechna práva vyhrazena	Tüm hakları saklıdır	All rights reserved	สงวนลิขสิทธิ์	Bảo lưu mọi quyền	Minden jog fenntartva.
footer.termsOfService	Terms of Service	Условия обслуживания	이용약관	服务条款	服務條款	Conditions d'utilisation	Nutzungsbedingungen	Condiciones del servicio	Termos de Serviço	Termini di servizio	Warunki świadczenia usług	Podmínky poskytování služby	Hizmet Şartları	利用規約	ข้อตกลงการให้บริการ	Điều khoản dịch vụ	Szolgáltatási feltételek
footer.privacyAndCookiesPolicy	Privacy and cookies policy	Конфиденциальность и правила использования файлов cookie	개인정보 처리방침 및 쿠키 정책	隐私和Cookie政策	隱私和Cookie政策	Politique de confidentialité et de cookies	Datenschutz- und Cookie-Richtlinie	Política de cookies y de privacidad	Política de Privacidade e cookies	Informativa sulla privacy e sui cookie	Polityka prywatności i dotycząca plików cookie	Zásady ochrany soukromí a používání souborů cookie	Gizlilik ve çerez politikası	プライバシーとクッキーポリシー	นโยบายความเป็นส่วนตัวและคุกกี้	Chính sách quyền riêng tư và cookie	Adatvédelmi és sütiszabályzat
footer.aboutLongTaleGames	About Long Tale Games	О Long Tale Games	Long Tale Games 정보	关于Long Tale Games	關於Long Tale Games	À propos de Long Tale Games	Über Long Tale Games	Acerca de Long Tale Games	Sobre Long Tale Games	Su Long Tale Games	Informacje o Long Tale Games	Informace o Long Tale Games	Long Tale Games Hakkında	Long Tale Gamesについて	เกี่ยวกับ Long Tale Games	Về Long Tale Games	A Long Tale Gamesről

auth.title	Authorization	Авторизация	인증	授权	授權	Autorisation	Autorisierung	Autorización	Autorização	Autorizzazione	Uwierzytelnianie	Autorizace	Yetkilendirme	認証	การอนุญาต	Ủy quyền	Hitelesítés
auth.desc	Authorization with Xsolla Wallet is a simple and secure way to access the LTG Multiverse. Your personal data is in good hands!	Авторизация при помощи аккаунта Xsolla — самый простой и безопасный способ присоединиться к LTG Multiverse. Ваши данные в надежных руках!	Xsolla 계정으로 인증하면 LTG Multiverse를 쉽고 안전하게 이용할 수 있습니다. 개인 데이터는 안전하게 보관됩니다!	使用Xsolla帐户授权是访问LTG简单而安全的方式。你的个人数据将得到妥善保管！	使用Xsolla帳戶進行授權是一種簡單而安全的方式來進入LTG。你的個人資料必將得到妥善保管！	L'autorisation accordée via un compte Xsolla est un moyen simple et sécurisé d'accéder au LTG Multiverse. Vos données à caractère personnel sont entre de bonnes mains !	Die Autorisierung mit dem Xsolla-Konto ist eine einfache und sichere Möglichkeit, um auf LTG Multiverse zuzugreifen. Deine persönlichen Daten sind bei uns in sicheren Händen!	La autorización con la cuenta de Xsolla es una forma fácil y segura de acceder a LTG Multiverse. ¡Tus datos personales están en buenas manos!	A autorização com a conta Xsolla é uma forma simples e segura de acessar o LTG Multiverse. Seus dados pessoais estão em boas mãos!	L'autorizzazione con l'Account Xsolla è un modo semplice e sicuro per accedere a LTG Multiverse. I tuoi dati personali sono in buone mani!	Uwierzytelnianie za pomocą konta Xsolla jest prostym i bezpiecznym sposobem na uzyskanie dostępu do LTG Multiverse. Twoje dane osobowe są w dobrych rękach!	Autorizace pomocí účtu Xsolla je jednoduchým a bezpečným způsobem, jak získat přístup k LTG Multiverse. Tvé osobní údaje jsou v dobrých rukách!	Xsolla Hesabı ile yetkilendirme, LTG Multiverse'e erişmenin basit ve güvenli bir yoludur. Kişisel verilerin güvenli ellerde!	Xsollaアカウントを使った認証は、LTG Multiverseにアクセスするためのシンプルかつ安全な方法です。個人情報はしっかりとお守りいたします！	การอนุญาตด้วยบัญชี Xsolla เป็นวิธีง่ายๆ และปลอดภัยในการเข้าถึง LTG Multiverse ทั้งหมด ข้อมูลของคุณจะได้รับการเก็บไว้เป็นอย่างดี!	Ủy quyền bằng Tài khoản Xsolla là cách đơn giản và bảo mật để đắm mình vào LTG Multiverse. Dữ liệu cá nhân của bạn sẽ được bảo mật!	Xsolla-fiókkal hitelesítve egyszerűen és biztonságosan érheted el az LTG Multiverse-t. Személyes adataid jó kezekben vannak!
auth.tip	For more info on Xsolla Wallet, see the User Guide	Подробная информация об аккаунте Xsolla в руководстве пользователя.	Xsolla 계정에 대한 더 자세한 정보는 사용자 가이드에서 확인하세요	请参阅用户指南，了解Xsolla账户的更多信息。	有關Xsolla帳戶的更多資訊，請參閱用戶導覽。	Pour en savoir plus sur le compte Xsolla, consultez le guide d'utilisation	Weitere Informationen zum Xsolla-Konto findest du im Benutzerhandbuch	Para más información sobre la cuenta de Xsolla, consulta la guía de usuario.	Para mais informações sobre a conta Xsolla, confira o guia do usuário	Per maggiori informazioni sull'Account Xsolla, consulta la Guida utente.	Dodatkowe informacje na temat konta Xsolla znajdują się w poradniku użytkownika	Více informací o účtu Xsolla najdeš v uživatelské příručce	Xsolla Hesabı hakkında daha fazla bilgi için Kullanıcı Rehberine bak	Xsollaアカウントについての詳細は、ユーザーガイドをご覧ください	ดูรายละเอียดเพิ่มเติมเรื่องบัญชี Xsolla ได้ที่คู่มือผู้ใช้งาน	Để biết thêm thông tin về Tài khoản Xsolla, hãy xem Hướng dẫn sử dụng	Ha többet szeretnél megtudni a Xsolla-fiókról, nézd meg Felhasználói útmutatónkat

news.showMore	Show more	Больше результатов	더 보기	显示更多	顯示更多	Voir plus	Mehr zeigen	Ver más	Ver mais	Mostra di più	Pokaż więcej	Zobrazit více	Daha fazla göster	さらに表示	แสดงเพิ่ม	Xem thêm	Több infó
news.readMore	Read more	Читать далее	더 읽기	阅读更多	閱讀更多	Lire plus	Mehr lesen	Leer más	Ler mais	Per saperne di più	Czytaj dalej	Přečíst více	Daha fazla oku	全文を読む	อ่านเพิ่ม	Đọc thêm	Tovább olvasom
news.allNews	All news	Все новости	모든 소식	所有动态	所有新聞	Toutes les actus	Alle Nachrichten	Todas las novedades	Todas as notícias	Tutte le notizie	Wszystkie wiadomości	Všechny zprávy	Tüm haberler	すべてのニュース	ข่าวทั้งหมด	Tất cả tin tức	Minden hír
news.relatedNews	Related news	Похожие	관련 소식	相关动态	相關新聞	Actus associées	Ähnliche Nachrichten	Novedades relacionadas	Notícias relacionadas	Notizie correlate	Powiązane wiadomości	Související zprávy	İlgili haberler	関連ニュース	ข่าวที่เกี่ยวข้อง	Tin tức liên quan	Kapcsolódó hírek

paymentSuccess.title	Payment Success Page	Успешный платеж	결제 완료 페이지	支付成功页面	成功付款頁面	Page du paiement effectué	Seite Zahlungserfolg	Pago realizado con éxito	Página de pagamento bem-sucedido	Pagina di avvenuto pagamento	Strona pomyślnego dokonania płatności	Stránka o úspěšné platbě	Ödeme Başarılı Sayfası	決済完了画面	หน้าชำระเงินสำเร็จ	Trang thanh toán thành công	Sikeres fizetés oldal
paymentSuccess.desc	Please wait	Подождите	잠시 기다려주세요	请稍等	請稍候	Veuillez patienter	Bitte warten ...	Espera	Aguarde	Attendere prego	Zaczekaj	Okamžik, prosím	Lütfen bekle	お待ちください	กรุณารอสักครู่	Vui lòng chờ	Kérjük, várj

techWorks.title	Maintenance in progress	Ведутся технические работы	점검 중	维护进行中	維護中	Maintenance en cours	Wartungsarbeiten laufen	Mantenimiento en curso	Manutenção em andamento	Manutenzione in corso	Trwają prace techniczne	Probíhá údržba	Bakım devam ediyor	メンテナンス作業中です	กำลังอยู่ระหว่างซ่อมบำรุง	Đang bảo trì	Karbantartás folyamatban

gift.loading.title	Unpacking your gift	Распаковываем ваш подарок	선물 개봉 중	拆开礼物	打開你的禮物	Ouverture de votre cadeau	Packe dein Geschenk aus	Abriendo tu regalo	Abrindo o seu presente	Scarta il regalo	Rozpakowywanie podarunku	Tvůj dárek se rozbaluje	Hediyen açılıyor	ギフトを開封しています	กำลังเปิดของขวัญ	Đang mở gói quà của bạn	Ajándékod kicsomagolása
gift.loading.desc	Please wait until your gift link is applied	Дождитесь активации ссылки на подарок	선물 링크가 적용될 때까지 기다려주세요	请等待，直到礼品链接生效	請等待禮品連結應用生效	Veuillez patienter, nous appliquons le lien du cadeau	Bitte warte, bis dein Geschenklink aktiviert ist	Espera hasta que tu enlace de regalo se aplique	Aguarde até seu link de presente ser aplicado	Attendi che il tuo link regalo venga applicato	Poczekaj, aż link twojego podarunku zostanie użyty	Počkej, než se použije tvůj odkaz na dárek	Hediye bağlantın uygulanana kadar lütfen bekle	ギフトリンクが適用されるまでお待ちください	กรุณารอสักครู่จนกว่าลิงก์ของขวัญจะใช้งานได้	Vui lòng chờ đến khi liên kết quà của bạn được áp dụng	Kérjük, várj, amíg élesítjük ajándékhivatkozásodat
gift.received.title	All set	Готово	준비 완료	完成	準備就緒	Tout est prêt	Alles bereit	Todo listo	Tudo pronto	Tutto pronto	Wszystko gotowe	Vše je připraveno	Her şey hazır	準備完了です	เรียบร้อย	Đã xong	Minden kész
gift.received.desc	You received your gift	Подарок получен	선물을 받았습니다	你收到了礼物	你已收到禮物	Vous avez reçu un cadeau	Du hast dein Geschenk erhalten	Has recibido tu regalo	Você recebeu o seu presente	Hai ricevuto il tuo regalo	Podarunek dotarł do ciebie	Máš svůj dárek	Hediyeni aldın	ギフトを受け取りました	คุณได้รับของขวัญ	Bạn đã nhận quà	Megkaptad az ajándékodat

access.title	Access Page	Доступ	액세스 페이지	访问页面	存取頁面	Page d'accès	Zugangsseite	Página de acceso	Página de acesso	Pagina di accesso	Strona dostępu	Přístupová stránka	Erişim Sayfası	アクセスページ	หน้าการเข้าถึง	Trang truy cập	Hozzáférési oldal

game.learnMore	Learn more	Подробнее	더 알아보기	了解更多	了解更多	En savoir plus	Mehr erfahren	Saber más	Saber mais	Per saperne di più	Dowiedz się więcej	Zjistit více	Daha fazla öğren	詳細	เรียนรู้เพิ่มเติม	Tìm hiểu thêm	További infó
game.website	Website	Сайт	웹사이트	网站	網站	Site internet	Website	Sitio web	Website	Sito web	Witryna	Web	İnternet Sitesi	ウェブサイト	เว็บไซต์	Trang web	Weboldal
game.subscribe	Subscribe	Оформить подписку	구독	订阅	訂閱	M'abonner	Abonnieren	Suscribirse	Inscrever-se	Abbonati	Zasubskrybuj	Předplatit	Abone Ol	サブスクライブ	สมัครรับ	Đăng ký	Előfizetés
game.gift	Gift a friend	Подарить другу	친구에게 선물	赠与朋友	饋贈好友	Offrir	Beschenke einen Freund	Regalar a un amigo	Presentear amigo	Regala a un amico	Podaruj znajomemu	Obdarovat přítele	Bir arkadaşa hediye et	フレンドへのギフト	ส่งของขวัญให้เพื่อน	Tặng quà cho bạn	Ajándék egy barátodnak
game.buy	Buy now	Купить	지금 구매	现在购买	立即購買	Acheter	Jetzt kaufen	Comprar ahora	Comprar agora	Acquista ora	Kup teraz	Koupit hned	Şimdi satın al	今すぐ購入	ซื้อเลย	Mua ngay	Vedd meg most!
game.play	Play now	Играть	지금 플레이	开始游戏	立即遊玩	Jouer	Jetzt spielen	Jugar ahora	Jogar agora	Gioca ora	Zagraj już teraz	Hrát hned	Şimdi oyna	今すぐプレイ	เล่นเลย	Chơi ngay	Játssz most!
game.dashboard	Dashboard	Панель информации	대시보드	仪表板	儀表板	Tableau de bord	Übersicht	Panel de control	Painel de controle	Dashboard	Pulpit nawigacyjny	Ovládací panel	Pano	ダッシュボード	แดชบอร์ด	Bảng điều khiển	Irányítópult
game.download	Download	Скачать	다운로드	下载	下載	Télécharger	Herunterladen	Descargar	Baixar	Scarica	Pobierz	Stáhnout	İndir	ダウンロード	ดาวน์โหลด	Tải về	Letöltés
game.sale	Sale	Распродажа	세일	销售	促銷	Promo	Angebot	Oferta	Promoção	Sconto	Wyprzedaż	Výprodej	İndirim	セール	ลดราคา	Giảm giá	Akció
game.release	Release date	Дата релиза	출시일	发布日期	上市日期	Date de sortie	veröffentlichung	Fecha de lanzamiento	Data de lançamento	Data di pubblicazione	Data premiery	Datum vydání	Çıkış tarihi	発売日	วันปล่อยเกม	Ngày phát hành	Megjelenési dátum
game.modifications	Modifications	Модификации	모드	改动	修改	Modifications	Änderungen	Modificaciones	Modificações	Modifiche	Modyfikacje	Modifikace	Değişiklikler	MOD	ปรับแต่ง	Sửa đổi	Módosítások
game.genre	Genre	Жанр	장르	类别	類型	Genre	Genre	Género	Gênero	Genere	Gatunek	Žánr	Tür	ジャンル	ประเภท	Thể loại	Műfaj
game.languages	Languages	Языки	언어	语言	語言	Langues	Sprachen	Idiomas	Idiomas	Lingue	Języki	Jazyky	Diller	言語	ภาษา	Ngôn ngữ	Nyelvek
game.platform	Platform	Платформа	플랫폼	平台	平台	Plateforme	Plattform	Plataforma	Plataforma	Piattaforma	Platforma	Platforma	Platform	プラットフォーム	แพลตฟอร์ม	Nền tảng	Platform
game.developer	Developer	Разработчик	개발자	开发者	開發人員	Développeur	Entwickler	Desarrollador	Desenvolvedor	Sviluppatore	Producent	Vývojář	Geliştirici	開発	ผู้พัฒนา	Nhà phát triển	Fejlesztő
game.cloud	Cloud	Облако	클라우드	云	雲端	Cloud	Cloud	Nube	Nuvem	Cloud	Chmura	Cloud	Bulut	クラウド	คลาวด์	Đám mây	Felhő
game.nft	NFT	NFT	NFT	NFT	NFT	NFT	NFT	NFT	NFT	NFT	NFT	NFT	NFT	NFT	NFT	NFT	NFT
game.html5	HTML5	HTML5	HTML5	HTML5	HTML5	HTML5	HTML 5	HTML5	HTML5	HTML5	HTML5	HTML5	HTML5	HTML5	HTML5	HTML5	HTML5
game.system.title	System requirements	Системные требования	시스템 요구사항	系统要求	系統要求	Configuration requise	Systemanforderungen	Requisitos del sistema	Requisitos de sistema	Requisiti di sistema	Wymagania systemowe	Požadavky na systém	Sistem gereksinimleri	動作環境	ความต้องการของระบบ	Yêu cầu về hệ thống	Rendszerkövetelmények
game.system.minimal	Minimal	Минимальные	최소	最低	最低	Minimale	Minimal	Mínimos	Mínimos	Minimi	Minimalne	Minimální	Minimum	最低	ขั้นต่ำ	Tối thiểu	Minimális
game.system.recommended	Recommended	Рекомендуемые	권장	推荐	推薦	Recommandée	Empfohlen	Recomendados	Recomendados	Consigliati	Zalecane	Doporučené	Önerilen	推奨	แนะนำ	Khuyến nghị	Ajánlott
game.system.os	OS	OС	OS	操作系统	操作系統	Système d'exploitation	BS	SO	SO	SO	System operacyjny	OS	İşletim Sistemi	OS	OS	HĐH	Op. rendszer
game.system.cpu	CPU	ПРОЦЕССОР	CPU	中央处理器	中央處理器	Processeur	CPU	CPU	CPU	CPU	Procesor	CPU	İşlemci	CPU	CPU	CPU	Processzor
game.system.ram	RAM	RAM	RAM	内存	中央處理器	Mémoire vive	RAM	RAM	RAM	RAM	RAM	RAM	Bellek	RAM	RAM	RAM	Memória
game.system.gpu	GPU	Видеокарта	GPU	图形处理器	圖形處理器	Graphiques	GPU	GPU	GPU	GPU	Karta graficzna	GPU	Ekran Kartı	GPU	GPU	GPU	GPU
game.system.directx	DirectX	DirectX	DirectX	DirectX	DirectX	DirectX	DirectX	DirectX	DirectX	DirectX	DirectX	DirectX	DirectX	DirectX	DirectX	DirectX	DirectX
game.system.network	Network	Тип соединения	네트워크	网络	连接形式	Réseau	Netzwerk	Red	Rede	Rete	Sieć	Síť	Ağ	Network	เครือข่าย	Mạng	Hálózat
game.system.storage	Storage	Память	저장소	存储	儲存	Espace disque	Speicher	Almacenamiento	Armazenamento	Spazio	Miejsce na dysku	Úložiště	Depolama	ストレージ	พื้นที่เก็บข้อมูล	Dung lượng lưu trữ	Tárhely
game.news	News	Новости	뉴스	动态	新聞	Actus	Nachrichten	Novedades	Notícias	Notizie	Wiadomości	Zprávy	Haberler	ニュース	ข่าวสาร	Tin tức	Hírek
game.showMore	Show more	Больше результатов	더 보기	显示更多	顯示更多	Voir plus	Mehr zeigen	Ver más	Ver mais	Mostra di più	Pokaż więcej	Zobrazit více	Daha fazla göster	さらに表示	แสดงเพิ่ม	Xem thêm	Több infó
game.screenshots	Screenshots	Скриншоты	스크린샷	截屏	螢幕擷取畫面	Captures d'écran	Screenshots	Capturas de pantalla	Imagens	Screenshot	Zrzuty ekranu	Snímky obrazovky	Ekran Görüntüleri	スクリーンショット	สกรีนช็อต	Ảnh chụp màn hình	Képernyőképek
game.videos	Videos	Видео	영상	视频	影片	Vidéos	Videos	Vídeos	Vídeos	Video	Wideo	Videa	Videolar	動画	วิดีโอ	Video	Videók

home.games.title	Games	Игры	게임	游戏	遊戲	Jeux	Spiele	Juegos	Jogos	Giochi	Gry	Hry	Oyunlar	ゲーム	เกม	Game	Játékok
home.sliders.learnMore	Learn more	Подробнее	더 알아보기	了解更多	了解更多	En savoir plus	Mehr erfahren	Saber más	Saber mais	Per saperne di più	Dowiedz się więcej	Zjistit více	Daha fazla öğren	詳細	เรียนรู้เพิ่มเติม	Tìm hiểu thêm	További infó
home.sliders.downloadNow	Download now	Скачать сейчас	지금 다운로드	立即下载	立即下載	Télécharger	Jetzt herunterladen	Descargar ahora	Baixar agora	Scarica ora	Pobierz teraz	Stáhnout hned	Hemen indir	今すぐダウンロード	ดาวน์โหลดเลย	Tải về ngay	Letöltés most
home.news.title	News	Новости	뉴스	动态	新聞	Actus	Nachrichten	Novedades	Notícias	Notizie	Wiadomości	Zprávy	Haberler	ニュース	ข่าวสาร	Tin tức	Hírek
home.news.moreNews	More news	Больше новостей	더 많은 소식	更多动态	更多新聞	Plus d'actus	Mehr Nachrichten	Más juegos	Mais notícias	Altre notizie	Więcej wiadomości	Více zpráv	Daha fazla haber	もっと見る	ข่าวสารเพิ่มเติม	Tin tức khác	További hírek
home.about.title	Creating modern games	Создаем современные игры	현대 게임 제작	创造现代游戏	創造現代遊戲	Création de jeux modernes	Moderne Spiele erstellen	Creando juegos modernos	Criando jogos modernos	Creare giochi moderni	Tworzenie nowoczesnych gier	Vytváříme moderní hry	Modern oyunlar yaratma	モダンなゲームの開発	การสร้างเกมยุคใหม่	Tạo game hiện đại	Modern játékok készítése
home.about.desc	From releasing new games to giving the old ones a second life, LTG Multiverse believes in making every adventure memorable.	Будь то релиз новой игры или же переосмысление уже существующих — в LTG Multiverse мы стараемся сделать каждое приключение незабываемым.	새로운 게임 출시부터 예전 게임에 새로운 생명을 불어넣는 작업까지, LTG Multiverse는 모든 모험을 기억에 남게 만든다는 신념을 가지고 있습니다.	从发布新游戏到让老游戏焕发第二春，LTG始终坚信要让每次冒险都令人印象深刻。	從發布新遊戲到賦予老遊戲第二次生命，LTG始終堅信要讓每一次冒險都令人難忘。	Qu'il s'agisse de nouveautés ou de redonner un deuxième souffle à des titres plus anciens, la mission de LTG Multiverse vise à faire de chaque partie une aventure inoubliable.	Von der Veröffentlichung neuer Spiele bis hin zu einem zweiten Leben für ältere Spiele ... LTG Multiverse ist davon überzeugt: Jedes Abenteuer sollte unvergesslich sein.	LTG Multiverse cree en hacer que cada aventura sea inolvidable, desde los juegos nuevos hasta aquellos que reciben una segunda oportunidad.	Do lançamento de jogos novos a uma segunda vida a jogos antigos, o LTG Multiverse acredita em tornar cada aventura memorável.	Dal rilascio di nuovi giochi al dare una seconda vita a quelli vecchi, LTG Multiverse si impegna per rendere ogni avventura memorabile.	Zarówno wydając nowe gry, jak i dając drugie życie starszym tytułom, LTG Multiverse chce, by każda przygoda zapadała w pamięć.	LTG Multiverse se věnuje vydávání nových her a vdechování nového života starším titulům. Věříme, že každé dobrodružství stojí za zapamatování.	Yeni oyunlar yayınlamaktan eskilerine yeni bir hayat vermeye kadar LTG Multiverse her macerayı hatırlamaya değer kılmaya inanıyor.	新作ゲームの発売はもちろん、旧作に新たな命を吹き込むことまで、LTG Multiverseはどんな冒険も思い出深いものになると確信しております。	ไม่ว่าจะปล่อยเกมใหม่หรือนำเกมเก่ามาปัดฝุ่นให้ดีขึ้น LTG Multiverse ก็เชื่อมั่นในการทำให้ทุกเกมเป็นที่จดจำ	Từ phát hành game mới đến hồi sinh game cũ, LTG Multiverse luôn tin tưởng vào mục tiêu khiến mọi hành trình trở nên đáng nhớ.	Új játékok kiadásától a régi játékok újjáélesztéséig az LTG Multiverse hisz abban, hogy minden kaland emlékezetessé varázsolható.
home.about.bestGames.title	Best Games	Лучшие игры	최고의 게임	最佳游戏	最佳遊戲	Meilleurs jeux	Beste Spiele	Mejores juegos	Melhores jogos	Giochi migliori	Najlepsze gry	Nejlepší hry	En İyi Oyunlar	最高のゲーム	เกมที่ดีที่สุด	Game hay nhất	A legjobb játékok
home.about.bestGames.desc	LTG Multiverse uses the power of play to deliver games that create the best experience for you. All the games you see here have been hand-picked for your enjoyment.	Чтобы вы могли получать удовольствие от наших игр, мы используем игровой потенциал наших продуктов по максимуму. Все игры, которые вы видите, прошли тщательный отбор.	LTG Multiverse는 놀이의 힘으로 여러분을 위한 최고의 경험을 제작합니다. 이곳에 있는 모든 게임은 여러분이 즐기실 수 있도록 손수 엄선되었습니다.	LTG利用游戏的力量为你提供最佳游戏体验。在这里列出的所有游戏都是为你精心挑选的。	LTG利用遊戲的力量為你提供最佳體驗的遊戲。你在這裡看到的所有遊戲都是為了讓你享受遊戲而精心挑選的。	LTG Multiverse utilise le pouvoir du jeu pour offrir des titres qui créent une expérience optimale. Tous les jeux que vous voyez ici ont été soigneusement sélectionnés pour vous.	LTG Multiverse nutzt die Kraft des Spiels, um Spiele zu liefern, die dir das bestmögliche Spielerlebnis bieten. Alle Spiele, die du hier siehst, sind handverlesen und dienen deiner Unterhaltung.	LTG Multiverse usa el poder del juego para ofrecer juegos que crean la mejor experiencia para ti. Todos los juegos que ves aquí se han elegido cuidadosamente para que los disfrutes.	LTG Multiverse usa o poder da diversão para oferecer jogos que criam a melhor experiência possível. Todos os jogos que você vê aqui foram escolhidos a dedo para sua diversão.	LTG Multiverse utilizza il potere del gioco per offrire videogiochi che ti permettano di avere la migliore esperienza. Tutti i giochi che troverai qui sono stati selezionati per il tuo divertimento.	LTG Multiverse wykorzystuje moc grania, by dostarczać produkcje zapewniające użytkownikowi najlepsze możliwe wrażenia. Wszystkie widoczne tutaj tytuły zostały specjalnie wyselekcjonowane.	LTG Multiverse využívá sílu her při vytváření těch nejlepších možných zážitků. Všechny hry, které tady vidíš, jsme vybrali tak, aby ti přinesly co nejvíce zábavy.	LTG Multiverse, senin için en iyi deneyimi yaratacak oyunlar yapmak için oyun oynamanın gücünü kullanıyor. Burada gördüğün tüm oyunlar senin için elle seçildi.	LTG Multiverseは遊びの力を活用して、プレイヤーの皆様が最高の体験を味わえるゲームをご提供しております。このサイトに記載されているゲームはすべて、皆様に楽しんでもらうために選び抜かれた作品です。	LTG Multiverse ใช้พลังแห่งการเล่นนำเสนอเกมที่สร้างประสบการณ์ที่ดีที่สุดให้กับคุณ ทุกเกมที่คุณเห็นตรงนี้ได้รับการคัดเลือกมาอย่างดีเพื่อให้คุณสนุกได้เต็มที่	LTG Multiverse sử dụng sức mạnh giải trí để đem đến những game tạo ra trải nghiệm tốt nhất cho bạn. Tất cả các game bạn nhìn thấy ở đây đều đã được tuyển chọn kỹ càng để giúp bạn giải trí.	Az LTG Multiverse a játék erejével készít olyan játékokat, amelyek a legjobb élményt kínálják számodra. Az összes játékot, amit itt látsz, saját kezűleg válogattuk ki azért, hogy remekül szórakozhass.
home.about.bestExperience.title	Best Experience	Лучшие впечатления	최고의 경험	最佳体验	最佳體驗	Meilleure expérience	Beste Erfahrung	Mejor experiencia	Melhor experiência	Esperienza migliore	Najlepsze wrażenia	Nejlepší zážitek	En İyi Deneyim	最高の体験	ประสบการณ์ที่ดีที่สุด	Trải nghiệm tốt nhất	A legjobb élmény
home.about.bestExperience.desc	LTG Multiverse aims to change the way you play games. Download and install your games quickly and safely while getting the latest news from the gaming world.	Мы прилагаем все усилия, чтобы вы могли играть в игры по-новому. Скачивайте и устанавливайте игры быстро и безопасно, оставаясь в курсе последних новостей игрового мира.	LTG Multiverse는 게임을 플레이하는 방식을 바꾸고자 합니다. 게임 업계의 최신 소식을 접하면서 게임을 빠르고 안전하게 다운로드 및 설치하세요.	LTG旨在改变游戏的游玩方式。快速安全地下载并安装游戏，同时获悉来自游戏世界的最新动态。	LTG旨在改變你玩遊戲的方式。你可以快速、安全地下載和安裝遊戲，同時獲得遊戲世界的最新消息。	LTG Multiverse vise à changer votre façon de jouer. Téléchargez et installez rapidement vos jeux en toute sécurité tout en recevant les dernières actus du monde du jeu.	LTG Multiverse hat sich zum Ziel gesetzt, die Art und Weise, wie du spielst, zu verändern. Lade Spiele schnell und sicher herunter und installiere sie, während du gleichzeitig die neuesten Nachrichten aus der Gaming-Welt erhältst.	LTG Multiverse quiere cambiar la forma en la que juegas. Descarga e instala tus juegos de forma rápida y segura mientras recibes las últimas novedades del mundo de los videojuegos.	LTG Multiverse pretende mudar a maneira como você joga. Baixe e instale seus jogos com rapidez e segurança enquanto recebe as últimas notícias do mundo dos jogos.	LTG Multiverse mira a trasformare il modo di giocare. Scarica e installa i tuoi giochi in modo rapido e sicuro, e ricevi le ultime notizie dal mondo dei giochi.	LTG Multiverse chce zmienić sposób, w jaki grasz. Pobieraj oraz instaluj gry szybko i bezpiecznie, a jednocześnie otrzymuj najnowsze wiadomości ze świata gier.	LTG Multiverse si klade za cíl změnit způsob, jakým hraješ hry. Stahuje a instaluj hry rychle a bezpečně a zároveň si nenech ujít nejnovější zprávy z herního světa.	LTG Multiverse oyunları oynama şeklini değiştirmeyi amaçlıyor. Oyun dünyasından en son haberleri alırken oyunlarını hızlıca ve güvenli bir şekilde indirip kur.	LTG Multiverseの目的は、皆様のゲームの遊び方を変えること。ゲーム世界の最新のニュースを閲覧しながら、ゲームをすばやく安全にダウンロードしていいただくことが可能です。	LTG Multiverse มุ่งหวังจะเปลี่ยนวิธีเล่นเกมของคุณ ให้คุณดาวน์โหลดและติดตั้งเกมได้อย่างรวดเร็วและปลอดภัย ขณะรับทราบข่าวสารล่าสุดจากโลกแห่งการเล่นเกม	Mục tiêu của LTG Multiverse là thay đổi cách bạn chơi game. Hãy tải về và cài đặt game một cách nhanh chóng và an toàn, đồng thời nhận tin tức mới nhất từ thế giới game.	Az LTG Multiverse célja, hogy megváltoztassa azt, ahogyan a játékokkal játszol. Gyorsan és biztonságosan letöltheted és telepítheted a játékaidat, miközben értesülhetsz a játékvilág legfrissebb híreiről.
home.about.bestFriends.title	Best Friends	Лучшие друзья	최고의 친구들	最好的朋友	最佳好友	Meilleurs amis	Beste Freunde	Mejores amigos	Melhores amigos	Migliori amici	Najlepsi przyjaciele	Nejlepší přátelé	En İyi Arkadaşlar	最高の友達	เพื่อนที่ดีที่สุด	Bạn tốt nhất	A legjobb barátok
home.about.bestFriends.desc	Team up with people who share the same passion for games to help us change them for the better. Every voice in the LTG Multiverse matters.	Объединяйтесь с единомышленниками, которые разделяют вашу страсть к играм, и помогите нам сделать их еще лучше! Нам в LTG Multiverse важен каждый голос.	여러분만큼 게임에 대한 열정을 가진 사람들과 함께 저희가 게임을 개선하는 데 도움을 주세요. LTG Multiverse에 있는 모두의 의견이 중요합니다.	跟对游戏有同样热情的人组队，帮助我们改善游戏。LTG上的每个声音都很重要。	與對遊戲有著同樣熱情的人組成團隊，幫助我們將遊戲做得更好。LTG中的每一個聲音都很重要。	Faites équipe avec des personnes qui partagent votre passion pour les jeux et aidez-nous à optimiser l'expérience de jeu. Chaque opinion compte dans LTG Multiverse.	Tue dich mit Gleichgesinnten zusammen, die deine Leidenschaft für Spiele teilen und hilf uns, sie weiter zu verbessern. Im LTG Multiverse zählt jede Stimme.	Forma equipo con personas que comparten la misma pasión por los juegos para ayudarnos a cambiarlos para mejor. Todas las voces en LTG Multiverse importan.	Junte-se a pessoas que compartilham a mesma paixão por jogos para nos ajudar a mudá-los para melhor. Todas as vozes no LTG Multiverse importam.	Unisciti a persone che condividono la tua stessa passione per i videogiochi e aiutaci a migliorarli. Per LTG Multiverse tutte le opinioni sono importanti.	Połącz siły z ludźmi, którzy dzielą z tobą pasję do gier, i pomóż nam je udoskonalać. Każdy głos w LTG Multiverse ma znaczenie.	Spoj se s lidmi, kteří s tebou sdílejí stejnou vášeň ke hrám jako ty a pomáhej nám své oblíbené tituly zlepšovat. V LTG Multiverse záleží na každém hlasu.	Oyunları daha da iyileştirmemize yardımcı olmak için aynı oyun tutkusuna sahip insanlarla takım ol. LTG Multiverse'de her ses önemlidir.	ゲームに情熱を抱くユーザーの皆様と一緒に、ぜひゲームの改善にご協力ください。LTG Multiverseにおけるご意見は、すべてが宝物です。	ร่วมทีมกับผู้คนที่พร้อมจะแชร์ความหลงใหลในเกมด้วยกัน เพื่อช่วยให้เราพัฒนาได้ดีขึ้น ทุกเสียงใน LTG Multiverse มีความหมาย	Lập đội với những người có cùng đam mê chơi game với bạn để giúp chúng tôi cải thiện game. Mỗi ý kiến trong LTG Multiverse đều được trân trọng.	Állj össze olyan emberekkel, akik hasonló szenvedélyt táplálnak a játékok iránt, hogy minél jobbá tehessük őket! Az LTG Multiverse-ben mindenkit meghallgatunk.

profileSidebar.promocodes	Promocodes	Промокоды	프로모션 코드	优惠码	優惠碼	Codes promo	Aktionscodes	Códigos promocionales	Códigos promocionais	Codici promozionali	Kody promocyjne	Promo kódy	Promosyon Kodları	プロモコード	โปรโมโค้ด	Mã khuyến mãi	Promóciós kódok
profileSidebar.personalInfo	Personal info	Личные данные	개인정보	个人信息	個人資訊	Infos personnelles	Persönliche Informationen	Información personal	Informações pessoais	Informazioni personali	Dane osobowe	Osobní údaje	Kişisel bilgi	個人情報	ข้อมูลส่วนตัว	Thông tin cá nhân	Személyes adatok
profileSidebar.myGames	My Games	Мои игры	나의 개임	我的游戏	我的遊戲	Mes jeux	Meine Spiele	Mis juegos	Meus jogos	I miei giochi	Moje gry	Mé hry	Oyunlarım	マイゲーム	เกมของฉัน	Game của tôi	Játékaim

personalInfo.mergeAccount	Merge Long Tale Games account	Объединенный аккаунт Long Tale Games	Long Tale Games 계정 통합	合并Long Tale Games账户	合併Long Tale Games帳戶	Associer un compte Long Tale Games	Long Tale Games-Konto verknüpfen	Combinar cuenta de Long Tale Games	Combinar conta Long Tale Games	Unisci l'account Long Tale Games	Połącz konto Long Tale Games	Spojit účet Long Tale Games	Long Tale Games hesabını birleştir	Long Tale Gamesアカウントの統合	รวมบัญชี Long Tale Games	Hợp nhất tài khoản Long Tale Games	Long Tale Games-fiók egyesítése

subscription.expirationDate	Expiration date	Действует до	만료일	到期日期	截止日期	Date d'expiration	Ablaufdatum	Fecha de expiración	Data de validade	Data di scadenza	Data obowiązywania	Datum expirace	Bitiş tarihi	失効日	วันหมดอายุ	Ngày hết hạn	Lejárat ideje
subscription.canceled	Canceled	Подписка отменена	취소됨	已取消	已取消	Annulé	Abgebrochen	Cancelada	Cancelada	Cancellato	Anulowano	Zrušeno	İptal Edildi	キャンセル済み	ยกเลิกแล้ว	Đã hủy	Megszüntetve
subscription.unsubscribe	Unsubscribe	Отменить подписку	구독 해지	取消订阅	取消訂閱	Me désabonner	Abbestellen	Cancelar suscripción	Desinscrever-se	Cancella l'abbonamento	Anuluj subskrypcję	Zrušit předplatné	Abonelikten Çık	サブスクライブ解除	เลิกสมัครรับ	Hủy đăng ký	Előfizetés lemondása
subscription.confirmUnsubscribe.submit	Stop subscription	Отказаться от подписки	구독 중단	停止订阅	停止訂閱	Arrêter l'abonnement	Abonnement beenden	Detener suscripción	Interromper inscrição	Interrompi l'abbonamento	Zatrzymaj subskrypcję	Zastavit předplatné	Aboneliği durdur	サブスクリプション停止	หยุดการสมัครรับ	Dừng đăng ký	Előfizetés leállítása
subscription.confirmUnsubscribe.title	Are you sure?	Вы уверены?	정말 계속하시겠어요?	确定吗？	你確定嗎？	Confirmer ?	Bist du sicher?	¿Seguro?	Tem certeza?	Vuoi proseguire?	Na pewno?	Víš to jistě?	Emin misin?	よろしいですか？	แน่ใจหรือไม่?	Bạn có chắc không?	Biztos vagy benne?
subscription.currentSubscription	Current subscription	Текущие подписки	현재 구독	当前订阅	目前訂閱	Abonnement actuel	Aktuelles Abonnement	Suscripción actual	Inscrição atual	Abbonamento attuale	Bieżąca subskrypcja	Aktuální předplatné	Mevcut abonelik	現在のサブスクリプション	การสมัครรับปัจจุบัน	Gói đăng ký hiện tại	Jelenlegi előfizetés
subscription.subscriptionGift	Subscription gift	Подарок за подписку	구독 선물	订阅赠与	訂閱禮物	Abonnement-cadeau	Abo-Geschenk	Regalar suscripción	Inscrição de presente	Regalo per abbonamento	Subskrypcja w prezencie	Dárek k předplatnému	Abonelik hediyesi	サブスクリプションギフト	ของขวัญสมัครรับ	Quà tặng gói đăng ký	Előfizetési ajándék
subscription.friendEmail	Friend email	Почта друга	친구 이메일	朋友电子邮件	朋友電子郵件	E-mail du destinataire	E-Mail eines Freundes	Correo electrónico de tu amigo	E-mail de amigo	Email dell'amico	Adres e-mail znajomego	E-mail přítele	Arkadaş e-postası	フレンドのメールアドレス	อีเมลเพื่อน	Email bạn bè	Baráti e-mail

promocodes.title	Enter promocode	Ввести промокод	프로모션 코드 입력	输入优惠码	輸入優惠碼	Entrer le code promo	Aktionscode eingeben	Introducir código promocional	Inserir código promocional	Inserisci il codice promozionale	Wprowadź kod promocyjny	Zadej promo kód	Promosyon kodu gir	プロモコードの入力	ใส่โปรโมโค้ด	Nhập mã khuyến mãi	Promóciós kód beírása
promocodes.desc	Here you can activate a new promocode or view the history of previously activated promocodes on your account	Здесь вы можете активировать новый промокод или просмотреть историю предыдущих активаций с вашего аккаунта.	이곳에서는 새 프로모션 코드를 활성화하거나 자신의 계정에서 이전에 활성화한 프로모션 코드 기록을 열람할 수 있습니다.	你可以在此处激活新的优惠码或查看账户中以前激活的优惠码记录	你可以在此啟用新的優惠碼，或查看你帳戶中已啟用優惠碼的歷史記錄	Ici, vous pouvez activer un nouveau code promo ou consulter l'historique des codes activés sur votre compte	Hier kannst du einen neuen Aktonscode aktivieren oder den Verlauf zuvor aktivierter Aktionscodes in deinem Konto einsehen	Aquí puedes activar un código promocional nuevo o ver el historial de los códigos promocionales activados anteriormente en tu cuenta.	Aqui você pode ativar um novo código promocional ou visualizar o histórico de códigos promocionais ativados anteriormente na sua conta	Qui puoi attivare un nuovo codice promozionale o visualizzare la cronologia dei codici promozionali precedentemente attivati sul tuo account	W tym miejscu możesz aktywować nowy kod promocyjny lub zobaczyć historię wcześniej aktywowanych kodów promocyjnych na swoim koncie	Zde můžeš aktivovat nový promo kód, nebo se podívat na historii dříve aktivovaných promo kódů na svém účtu	Burada yeni bir promosyon kodunu etkinleştirebilir veya hesabında daha önce etkinleştirilen promosyon kodlarının geçmişini görüntüleyebilirsin.	ここでは新たなプロモコードを有効化したり、これまでにアカウントで有効化したプロモコードの履歴を閲覧できます	ตรงนี้คุณสามารถเปิดใช้งานโปรโมโค้ดใหม่หรือดูประวัติการใช้โปรโมโค้ดที่ผ่านมาของบัญชีคุณได้	Tại đây, bạn có thể kích hoạt mã khuyến mãi mới hoặc xem lịch sử mã khuyến mãi mà tài khoản của bạn đã kích hoạt trước đó	Itt aktiválhatsz új promóciós kódot, vagy megtekintheted a korábban a fiókodon aktivált promóciós kódokat
promocodes.activate	Activate	Активировать	활성화	激活	啟用	Activer	Aktivieren	Activar	Ativar	Attiva	Aktywuj	Aktivovat	Etkinleştir	有効化	เปิดใช้งาน	Kích hoạt	Aktiválás
promocodes.inProcess	In process	В процессе	처리 중	进行中	處理中	En cours	In Bearbeitung	En curso	Em andamento	In corso	W toku	Zpracovává se	İşleniyor	処理中	ดำเนินการอยู่	Đang kích hoạt	Folyamatban
promocodes.received	Received	Получен	수령함	已收到	已收到	Reçus	Erhalten	Recibido	Recebido	Ricevuto	Otrzymano	Přijato	Alındı	受け取り済み	ได้รับแล้ว	Đã nhận	Megkaptad
promocodes.activated	Activated	Активирован	활성화함	已激活	已啟用	Activés	Aktiviert	Activado	Ativado	Attivato	Aktywowano	Aktivováno	Etkinleştirildi	有効化済み	เปิดใช้งานแล้ว	Đã kích hoạt	Aktiválva
promocodes.messages.invalid	Invalid promocode. Please, try again later or contact support	Неверный промокод. Повторите попытку позже или свяжитесь с техподдержкой	유효하지 않은 프로모션 코드입니다. 나중에 다시 시도하거나 지원팀에 문의하세요.	无效优惠码。请稍后再试或联系支持人员	優惠碼無效。請稍後再試或聯繫客服	Code promo non valide. Réessayez plus tard ou contactez l'assistance	Ungültiger Aktionscode. Bitte versuche es später erneut oder wende dich an den Support	Código promocional inválido. Inténtalo de nuevo o ponte en contacto con el equipo de asistencia.	Código promocional inválido. Tente de novo mais tarde ou contate o suporte.	Codice promozionale non valido. Riprova più tardi o contatta l'assistenza	Nieprawidłowy kod promocyjny. Spróbuj ponownie później lub skontaktuj się z pomocą techniczną	Neplatný promo kód. Zkus to později znovu, nebo kontaktuj podporu	Geçersiz promosyon kodu. Lütfen daha sonra tekrar dene veya destekle iletişime geç	プロモコードが無効です。後ほどふたたびお試しいただくか、サポートにご連絡ください	โปรโมโค้ดไม่ถูกต้อง กรุณาลองอีกครั้งในภายหลัง หรือติดต่อฝ่ายสนับสนุน	Mã khuyến mãi không hợp lệ. Vui lòng thử lại sau hoặc liên hệ với bộ phận hỗ trợ	Érvénytelen promóciós kód. Kérjük, próbáld újra, vagy vedd fel a kapcsolatot ügyfélszolgálatunkkal!
promocodes.messages.limited	You have already used this promocode	Вы уже воспользовались этим промокодом	이미 사용한 프로모션 코드입니다	已使用过此优惠码	你已經使用過此優惠碼	Vous avez déjà utilisé ce code promo.	Du hast diesen Aktionscode bereits verwendet	Ya has usado este código promocional	Você já usou este código promocional	Hai già utilizzato questo codice promozionale	Ten kod promocyjny został już wykorzystany	Tento promo kód už máš využitý	Bu promosyon kodunu daha önce kullandın	このプロモコードは使用済みです	คุณใช้โปรโมโค้ดนี้ไปแล้ว	Bạn đã sử dụng mã khuyến mãi này rồi	Már felhasználtad ezt a promóciós kódot
promocodes.messages.alreadyUsed	This promocode has already been used	Этот промокод уже был использован	이 프로모션 코드는 이미 사용되었습니다	此优惠码已被使用	這個優惠碼已經被使用過了	Ce code promo a déjà été utilisé.	Dieser Aktionscode wurde bereits verwendet	Este código promocional ya se ha usado	Este código promocional já foi usado	Questo codice promozionale è già stato utilizzato	Ten kod promocyjny został już wykorzystany	Tento promo kód již byl využit	Bu promosyon kodu daha önce kullanılmış	このプロモコードはすでに使用しています	โปรโมโค้ดนี้ถูกใช้ไปแล้ว	Mã khuyến mãi này đã được sử dụng rồi	Ezt a promóciós kódot már felhasználták
promocodes.messages.internalError	Something went wrong while applying this promocode. Please, try again later or contact support	При активации промокода что-то пошло не так. Повторите попытку позже или свяжитесь с техподдержкой	해당 프로모션 코드 적용 중 문제가 발생했습니다. 나중에 다시 시도하거나 지원팀에 문의하세요.	应用此优惠码时出现问题。请稍后再试或联系支持人员	在使用此優惠碼時出了問題。請稍後再試或聯繫客服	Une erreur s'est produite lors de l'application de ce code promo. Réessayez plus tard ou contactez l'assistance.	Beim Einlösen des Aktionscodes ist ein Fehler aufgetreten. Bitte versuche es später erneut oder wende dich an den Support	Algo ha salido mal mientras activabas este código promocional. Inténtalo de nuevo o ponte en contacto con el equipo de asistencia.	Ocorreu um erro durante a aplicação deste código promocional. Tente de novo mais tarde ou contate o suporte.	Qualcosa è andato storto durante l'applicazione di questo codice promozionale. Riprova più tardi o contatta l'assistenza	Coś poszło nie tak podczas stosowania tego kodu promocyjnego. Spróbuj ponownie później lub skontaktuj się z pomocą techniczną	Při aplikaci promo kódu se něco pokazilo. Zkus to později znovu, nebo se obrať na podporu	Bu promosyon kodunu uygularken bir sorun oluştu. Lütfen daha sonra tekrar dene veya destekle iletişime geç	このプロモコードの適用中に問題が発生しました。後ほどふたたびお試しいただくか、サポートにご連絡ください	มีบางอย่างผิดพลาดขณะใช้โปรโมโค้ด กรุณาลองอีกครั้งในภายหลัง หรือติดต่อฝ่ายสนับสนุน	Đã xảy ra lỗi trong khi áp dụng mã khuyến mãi này. Vui lòng thử lại sau hoặc liên hệ với bộ phận hỗ trợ	Valami félresikerült a promóciós kód felhasználásakor. Kérjük, próbáld újra, vagy vedd fel a kapcsolatot ügyfélszolgálatunkkal!
promocodes.messages.alreadyHaveTrial	You can only activate the trial period once	Активировать пробный период можно только 1 раз	체험 기간은 한 번만 활성화할 수 있습니다	只能激活一次试用期	你只能啟用一次試玩期	Vous ne pouvez activer la période d'essai qu'une seule fois	Du kannst den Testzeitraum nur einmal aktivieren	Solo puedes activar el período de prueba una vez.	Só é possível ativar o período de avaliação uma vez	Puoi attivare il periodo di prova una sola volta	Okres próbny można aktywować tylko raz	Zkušební dobu můžeš aktivovat jen jednou	Deneme süresini yalnızca bir kez etkinleştirebilirsin	無料体験は一度のみご利用いただけます	คุณสามารถเปิดใช้งานช่วงทดลองใช้ได้ครั้งเดียวเท่านั้น	Bạn chỉ có thể kích hoạt thời hạn chơi thử một lần	A próbaidőszakot csak egyszer aktiválhatod
promocodes.messages.applied	Promocode successfully applied	Промокод успешно применён	프로모션 코드 적용 완료	已成功应用优惠码	優惠碼已成功使用	Code promo appliqué	Aktionscode erfolgreich verwendet	Código promocional activado con éxito	Código promocional aplicado com sucesso	Codice promozionale applicato con successo	Pomyślnie zastosowano kod promocyjny	Promo kód byl úspěšně použit	Promosyon kodu başarıyla uygulandı	プロモコードの適用が完了しました	ใช้โปรโมโค้ดสำเร็จแล้ว	Đã áp dụng mã khuyến mãi thành công	Sikeresen beváltottad a promóciós kódot

platforms.pc	PC	PC	PC	PC	PC	PC	PC	PC	PC	PC	PC	PC	PC	PC	PC	Máy tính	PC
platforms.xbox	XBOX	XBOX	XBOX	XBOX	XBOX	XBOX	XBOX	XBOX	XBOX	XBOX	XBOX	XBOX	XBOX	XBOX	XBOX	XBOX	XBOX
platforms.ps4	PS4	PS4	PS4	PS4	PS4	PS4	PS4	PS4	PS4	PS4	PS4	PS4	PS4	PS4	PS4	PS4	PS4
platforms.ps5	PS5	PS5	PS5	PS5	PS5	PS5	PS5	PS5	PS5	PS5	PS5	PS5	PS5	PS5	PS5	PS5	PS5
platforms.android	Android	Android	Android	Android	Android	Android	Android	Android	Android	Android	Android	Android	Android	Android	Android	Android	Android
platforms.ios	iOS	iOS	iOS	iOS	iOS	iOS	iOS	iOS	iOS	iOS	iOS	iOS	iOS	iOS	iOS	iOS	iOS
platforms.windows	Windows	Windows	Windows	Windows	Windows	Windows	Windows	Windows	Windows	Windows	Windows	Windows	Windows	Windows	Windows	Windows	Windows
platforms.linux	Linux	Linux	Linux	Linux	Linux	Linux	Linux	Linux	Linux	Linux	Linux	Linux	Linux	Linux	Linux	Linux	Linux

genres.indie	Indie	Инди	인디	独立	獨立遊戲	Indé	Indie	Indie	Indie	Indipendente	Niezależne	Indie	Bağımsız	インディー	อินดี้	Indie	Indie
genres.action	Action	Экшен	액션	动作	動作遊戲	Action	Aktion	Acción	Ação	Azione	Akcja	Akční	Aksiyon	アクション	แอ็กชัน	Hành động	Akció
genres.rpg	RPG	РПГ	RPG	角色扮演游戏	角色扮演遊戲	RPG	Rollenspiel	RPG	RPG	GDR	RPG	RPG	RPG	RPG	RPG	RPG	Szerepjáték
genres.simulation	Simulation	Симуляторы	시뮬레이션	模拟	模擬遊戲	Simulation	Simulation	Simulación	Simulação	Simulazione	Symulacja	Simulace	Simülasyon	シミュレーション	จำลองสถานการณ์	Mô phỏng	Szimuláció
genres.action-adventure	Action-adventure	Приключенческий боевик	액션 어드벤처	动作冒险	動作冒險遊戲	Action-aventure	Aktion-Abenteuer	Acción y aventura	Ação-aventura	Azione-avventura	Akcja i przygoda	Akční adventura	Aksiyon Macera	アクションアドベンチャー	แอ็กชัน-ผจญภัย	Hành động phiêu lưu	Akció-kaland
genres.adventure	Adventure	Приключения	어드벤처	冒险	冒險遊戲	Aventure	Abenteuer	Aventura	Aventura	Avventura	Przygoda	Adventura	Macera	アドベンチャー	ผจญภัย	Phiêu lưu	Kaland
genres.puzzle	Puzzle	Головоломки	퍼즐	解谜	益智遊戲	Réflexion	Puzzle	Puzle	Quebra-cabeça	Enigma	Łamigłówki	Logické hry	Bulmaca	パズル	ปริศนา	Giải đố	Fejtörő
genres.strategy	Strategy	Стратегии	전략	策略	策略遊戲	Stratégie	Strategie	Estrategia	Estratégia	Strategia	Strategia	Strategie	Strateji	ストラテジー	กลยุทธ์	Chiến lược	Stratégiai
genres.sports	Sports	Спортивные	스포츠	运动	運動類遊戲	Sport	Sport	Deportes	Esportes	Sport	Sport	Sporty	Spor	スポーツ	กีฬา	Thể thao	Sport
genres.mmo	MMO	ММО	MMO	大型多人在线	大型多人線上角色扮演遊戲	MMO	MMO	MMO	MMO	MMO	MMO	MMO	MMO	MMO	MMO	MMO	MMO
genres.horror	Horror	Ужасы	공포	恐怖	恐怖類遊戲	Horreur	Horror	Horror	Terror	Orrore	Horror	Horory	Korku	ホラー	สยองขวัญ	Kinh dị	Horror
genres.casino	Casino	Казино	카지노	赌场	賭場類遊戲	Casino	Kasino	Casino	Cassino	Casinò	Kasyno	Kasinové hry	Gazino	カジノ	คาสิโน	Casino	Kaszinó
genres.casual	Casual	Казуальные	캐주얼	休闲	休閒類遊戲	Casual	Casual	Casual	Casual	Casual	Rekreacyjne	Oddechové hry	Basit	カジュアル	แคชชวล	Phổ thông	Könnyed

ban.title	User Ban Confirmation	Извещение о блокировке пользователя	사용자 차단 확인	用户封禁确认	用戶封鎖確認	Confirmation d'interdiction d'accès	Bestätigung der Benutzersperre	Confirmación de bloqueo del usuario	Confirmar banimento de usuário	Conferma espulsione dell'utente	Potwierdzenie zablokowania użytkownika	Potvrzení zablokování uživatele	Kullanıcı Engel Onayı	ユーザー凍結の告知	ยืนยันการแบนผู้เล่น	Xác nhận cấm người dùng	Felhasználó tiltásának megerősítése
ban.permanent	You are blocked permanently	Вы заблокированы навсегда	영구적으로 차단되었습니다	你已被永久封禁	你已被永久封鎖	Un blocage permanent vous a été attribué	Du bist dauerhaft gesperrt	Se te ha bloqueado permanentemente	Você foi bloqueado(a) permanentemente	Ti hanno bloccato in modo permanente	Zablokowano cię na stałe	Byl ti trvale zablokován přístup	Kalıcı olarak engellendin	あなたは永久凍結処分が下されました	คุณถูกบล็อกอย่างถาวร	Bạn đã bị cấm vĩnh viễn	Véglegesen letiltottak
ban.until	You are blocked until	Вы заблокированы до	차단되었습니다. 기한:	你将被封禁至	你被封鎖直至	Votre blocage est en vigueur jusqu'au	Du bist gesperrt bis	Se te ha bloqueado hasta:	Você foi bloqueado(a) até	Ti hanno bloccato fino a	Zablokowano cię do	Tvůj přístup je blokován do	Şu tarihe kadar engellendin:	あなたは次の期間まで凍結処分が下されました：	คุณถูกบล็อกจนถึง	Bạn bị cấm cho đến	Letiltottak eddig:
ban.selectError	You have to select at least something	Что-то пошло не так	하나 이상 선택해야 합니다	你必须做出选择	你必須至少選取一項	Vous devez sélectionner quelque chose	Du musst zumindest etwas auswählen	Tienes que elegir algo	Você precisa selecionar pelo menos uma opção	Devi selezionare almeno una voce	Musisz coś wybrać	Musíš vybrat alespoň něco	En az bir şey seçmen gerek	問題が発生しました	ต้องเลือกอย่างน้อยสักอย่าง	Đã xảy ra lỗi	Legalább egy dolgot választanod kell
ban.tip	You have to stop making mistakes	Что-то пошло не так	더는 실수하지 마세요	你必须停止犯错	你必須停止犯錯	Vous devez cesser de faire des erreurs	Bitte versuche, keine Fehler zu machen	Tienes que dejar de cometer errores	Você precisa parar de cometer erros	Devi smettere di commettere errori	Musisz przestać popełniać błędy	Musíš přestat dělat chyby	Hata yapmayı bırakmalısın	過ちを犯すのをやめてください	คุณเลิกทำผิดพลาดแล้ว	Bạn đã dừng phạm sai lầm	Nem kellene ennyi hibáznod
ban.submit	Ok	ОК	확인	确定	確定	D'accord	OK	OK	Ok	OK	OK	OK	Tamam	OK	ตกลง	OK	OK
common.404	Page not found	Страница не найдена	페이지를 찾을 수 없습니다	未找到页面	未找到網頁	Page introuvable	Seite nicht gefunden	Página no encontrada	Página não encontrada	Pagina non trovata	Nie znaleziono strony	Stránka nenalezena	Sayfa bulunamadı	ページが見つかりません	ไม่พบหน้าจอ	Không tìm thấy trang	Az oldal nem található
common.haveToLogIn	You have to log in first	Сначала необходимо войти	우선 로그인해야 합니다	必须先登录	必須先登入	Vous devez d'abord vous connecter	Du musst dich zuerst anmelden	Primero tienes que iniciar sesión	Tens de iniciar sessão primeiro	Devi prima effettuare l'accesso	Musisz się najpierw zalogować	Nejdřív se musíš přihlásit	Önce giriş yapmalısın	先にログインしてください	คุณต้องล็อกอินก่อน	Bạn phải đăng nhập trước	Előbb be kell jelentkezned
auth.guide	User Guide	Руководство пользователя	사용자 가이드	用户指南	使用者導覽	Guide d'utilisation	Benutzerhandbuch	Guía de usuario	Guia do Utilizador	Guida per l'utente	Poradnik użytkownika	Uživatelská příručka	Kullanıcı Rehberi	ユーザーガイド	คู่มือผู้ใช้งาน	Hướng dẫn sử dụng	Felhasználói útmutató
game.modifier	Modification	Модификация	모드	修改	修改	Modification	Änderung	Modificación	Modificação	Modifica	Modyfikacja	Úprava	Değişiklik	MOD	การปรับแต่ง	Sửa đổi	Módosítás
subscription.subscription	Subscription	Подписка	구독	订阅	訂閱	Abonnement	Abonnement	Suscripción	Subscrição	Abbonamento	Subskrypcja	Předplatné	Abonelik	サブスクリプション	การสมัครรับ	Gói đăng ký	Előfizetés
subscription.playerNotFound	Player not found	Игрок не найден	플레이어를 찾을 수 없습니다	未找到玩家	未找到玩家	Personne introuvable	Spieler nicht gefunden	Jugador no encontrado	Jogador não encontrado	Giocatore non trovato	Nie znaleziono gracza	Hráč nenalezen	Oyuncu bulunamadı	プレイヤーが見つかりません	ไม่พบผู้เล่น	Không tìm thấy người dùng	A játékos nem található
subscription.enterEmail	Enter email	Введите электронный адрес	이메일 입력	输入电子邮件	輸入電子郵件	Entrer l'e-mail	E-Mail eingeben	Introducir correo electrónico	Introduz o email	Inserisci l'email	Wprowadź adres e-mail	Zadej e-mail	E-posta gir	メールアドレスを入力	ใส่อีเมล	Nhập email	Add meg az e-mailt
promocodes.loadMore	Load more	Загрузить больше	더 불러오기	加载更多	載入更多	Charger plus	Mehr laden	Cargar más	Carregar mais	Carica altro	Wczytaj więcej	Načíst více	Daha fazla yükle	さらに読み込む	โหลดเพิ่ม	Tải thêm	Továbbiak betöltése
game.firstDays	First {qty} days	Первые {qty} д.	첫 {qty}일	前{qty}天	前{qty}天	{qty} premiers jours	Die ersten {qty} Tage	Primeros {qty} días	Primeiros {qty} dias	Primi {qty} giorni	Pierwsze {qty} dni	První dny ({qty})	İlk {qty} gün	初回{qty}日間	{qty} วันแรก	{qty} ngày đầu	Első {qty} nap
game.firstMonth	First month	Первый месяц:	첫 1개월	第一个月	第一個月	Premier mois	Erster Monat	Primer mes	Primeiro mês	Primo mese	Pierwszy miesiąc	První měsíc	İlk ay	初月は	เดือนแรก	Tháng đầu	Első hónap
game.month	month	в мес.	개월	每月	每月	par mois	Monat	al mes	por mês	al mese	za miesiąc	měsíčně	/ay	/毎月	ต่อเดือน	tháng	havonta
game.then	then	затем:	그 후	之后	之後	puis	dann	y luego	depois	poi	, a potem	potom	sonra	、その後	จากนั้น	sau đó	majd
game.activateTrial	Activate trial	Активировать пробный период	체험 활성화	激活试玩	啟用試玩	Activer l'essai	Testversion aktivieren	Activar prueba	Ativar avaliação	Attiva la prova	Aktywuj wersję próbną	Aktivovat zkušební verzi	Denemeyi etkinleştir	トライアルの有効化	เปิดใช้งานทดลองเล่น	Kích hoạt dùng thử	Próba aktiválása
